edgedef>source VARCHAR,target VARCHAR, weight DOUBLE
0,1,12
0,2,14
0,3,8
0,4,18
0,6,10
0,5,10
0,7,10
0,9,12
0,10,12
0,12,16
0,14,14
0,8,12
0,15,14
0,11,6
0,13,6
0,16,10
0,19,16
0,17,12
0,20,10
0,18,10
0,21,16
0,22,18
0,25,10
0,23,12
0,26,10
0,24,14
0,29,12
0,30,8
0,27,12
0,28,14
0,31,12
0,32,10
0,33,16
0,34,16
0,35,12
0,36,12
0,37,10
0,38,10
0,39,12
0,40,10
0,42,12
0,41,12
0,43,10
0,44,14
0,45,10
0,46,12
0,47,6
0,48,8
0,49,16
0,50,10
0,51,8
0,52,14
0,53,16
0,54,14
0,55,14
0,56,12
0,57,12
0,58,12
0,59,18
0,60,12
0,64,14
0,62,14
0,65,16
0,61,14
0,63,12
0,66,14
0,68,12
0,67,14
0,70,12
0,69,14
0,71,6
0,72,12
0,76,6
0,73,10
0,77,10
0,74,12
0,78,14
0,81,12
0,75,8
0,79,12
0,83,12
0,82,12
0,80,12
0,84,14
0,85,14
0,89,10
0,86,14
0,87,14
0,90,12
0,91,12
0,92,18
0,88,12
0,95,14
0,96,12
0,93,12
0,94,12
0,97,12
1,2,12
0,99,14
0,98,14
1,3,10
1,4,14
1,5,10
1,6,8
1,7,12
1,10,12
1,11,12
1,9,10
1,12,8
1,8,12
1,13,8
1,14,12
1,15,10
1,16,12
1,17,10
1,18,10
1,21,12
1,23,12
1,19,12
1,20,10
1,24,14
1,25,12
1,22,16
1,26,10
1,27,14
1,28,12
1,29,12
1,30,8
1,31,12
1,33,10
1,32,10
1,34,10
1,35,12
1,36,14
1,37,8
1,41,10
1,38,10
1,39,10
1,42,14
1,44,12
1,43,10
1,40,12
1,45,8
1,46,10
1,49,12
1,50,8
1,47,12
1,48,8
1,52,14
1,53,12
1,55,10
1,54,16
1,51,12
1,58,12
1,56,16
1,59,12
1,61,12
1,62,12
1,60,10
1,57,12
1,63,12
1,64,14
1,65,12
1,66,10
1,67,12
1,68,16
1,69,12
1,70,10
1,74,8
1,71,8
1,75,10
1,76,6
1,72,10
1,77,10
1,73,8
1,78,14
1,79,10
1,81,10
1,82,12
1,83,14
1,85,10
1,84,10
1,80,12
1,87,14
1,86,16
1,88,14
1,89,12
1,90,10
1,91,10
1,94,12
1,92,14
1,95,8
1,96,10
1,97,8
1,93,10
1,98,12
2,5,14
2,3,12
1,99,16
2,6,10
2,10,12
2,9,14
2,11,6
2,4,12
2,7,10
2,14,16
2,8,14
2,12,8
2,13,8
2,15,12
2,16,8
2,19,14
2,20,10
2,21,18
2,22,14
2,17,10
2,23,12
2,24,12
2,25,14
2,18,10
2,26,10
2,27,10
2,29,14
2,31,12
2,33,10
2,34,10
2,30,10
2,32,18
2,35,10
2,28,26
2,38,10
2,36,8
2,39,8
2,40,12
2,37,6
2,41,12
2,42,14
2,43,18
2,44,10
2,45,6
2,46,10
2,47,6
2,48,14
2,49,12
2,50,10
2,51,8
2,52,12
2,53,10
2,54,12
2,55,10
2,56,14
2,57,12
2,58,14
2,59,10
2,61,16
2,60,10
2,62,14
2,64,16
2,65,12
2,63,10
2,66,14
2,67,10
2,68,10
2,69,10
2,70,8
2,71,6
2,72,10
2,73,10
2,74,6
2,75,10
2,77,12
2,78,10
2,79,14
2,80,12
2,76,10
2,81,10
2,83,12
2,82,8
2,84,10
2,85,10
2,86,12
2,87,10
2,88,10
2,89,8
2,90,14
2,91,10
2,92,12
2,93,12
2,94,8
2,95,12
2,96,12
2,97,8
2,98,12
2,99,12
3,4,10
3,5,10
3,6,10
3,7,8
3,8,8
3,11,8
3,9,8
3,10,10
3,12,6
3,13,6
3,14,8
3,15,10
3,16,6
3,17,6
3,18,8
3,20,14
3,19,8
3,21,10
3,22,8
3,23,10
3,24,8
3,25,6
3,26,6
3,30,8
3,27,6
3,28,12
3,29,8
3,31,8
3,32,12
3,33,8
3,34,6
3,35,10
3,36,6
3,37,6
3,38,6
3,39,6
3,40,10
3,41,10
3,42,8
3,43,10
3,44,8
3,45,8
3,46,8
3,47,4
3,48,8
3,49,10
3,50,8
3,51,8
3,52,10
3,53,8
3,54,8
3,55,10
3,56,8
3,57,10
3,58,8
3,59,8
3,60,6
3,61,12
3,62,8
3,63,10
3,64,8
3,67,10
3,65,10
3,66,12
3,68,12
3,69,8
3,70,8
3,71,8
3,72,8
3,73,8
3,74,8
3,75,10
3,76,6
3,77,10
3,78,10
3,79,8
3,80,8
3,81,10
3,82,12
3,84,6
3,83,8
3,85,8
3,87,14
3,86,8
3,88,10
3,90,14
3,89,8
3,91,10
3,92,8
3,93,10
3,94,8
3,95,4
3,96,8
3,97,6
3,98,12
3,99,8
4,5,10
4,6,10
4,7,10
4,8,12
4,9,12
4,10,14
4,11,8
4,12,14
4,13,8
4,14,14
4,15,14
4,16,12
4,17,10
4,18,12
4,19,14
4,20,12
4,21,16
4,22,14
4,24,10
4,23,12
4,25,8
4,26,10
4,27,8
4,28,12
4,29,12
4,31,12
4,30,6
4,32,10
4,33,16
4,34,12
4,35,10
4,36,10
4,37,8
4,38,10
4,39,10
4,40,14
4,41,10
4,42,10
4,43,10
4,44,12
4,45,12
4,46,10
4,47,6
4,48,8
4,49,14
4,50,10
4,51,10
4,52,12
4,53,16
4,54,12
4,55,12
4,56,12
4,57,10
4,58,12
4,59,16
4,60,14
4,61,12
4,62,10
4,63,12
4,64,14
4,65,12
4,66,12
4,67,12
4,68,14
4,69,14
4,70,12
4,71,8
4,72,8
4,73,8
4,74,12
4,75,10
4,76,8
4,77,8
4,78,12
4,79,12
4,80,12
4,81,12
4,82,10
4,83,12
4,84,12
4,85,18
4,86,12
4,87,16
4,88,14
4,89,14
4,90,12
4,91,12
4,92,16
4,93,12
4,94,10
4,95,10
4,96,10
4,97,10
4,98,18
4,99,10
5,6,10
5,7,12
5,8,10
5,9,10
5,10,10
5,11,8
5,12,8
5,13,14
5,14,12
5,15,14
5,16,6
5,17,10
5,18,16
5,19,10
5,20,10
5,21,12
5,22,10
5,23,10
5,24,10
5,25,14
5,26,10
5,27,10
5,28,14
5,29,16
5,30,10
5,31,10
5,32,14
5,33,10
5,34,10
5,35,10
5,36,8
5,38,10
5,39,10
5,37,8
5,41,10
5,40,14
5,42,14
5,43,14
5,44,12
5,45,6
5,46,12
5,47,4
5,48,14
5,49,10
5,50,8
5,51,8
5,52,8
5,53,12
5,54,10
5,55,12
5,56,10
5,57,12
5,58,12
5,59,10
5,60,12
5,61,12
5,62,12
5,63,14
5,64,12
5,65,10
5,66,12
5,67,10
5,68,10
5,69,10
5,70,8
5,71,8
5,72,10
5,73,4
5,74,6
5,75,10
5,76,8
5,77,10
5,78,10
5,79,8
5,80,16
5,81,12
5,82,8
5,83,14
5,84,10
5,85,8
5,86,10
5,87,10
5,88,10
5,89,8
5,90,12
5,91,12
5,92,10
5,93,10
5,94,10
5,95,8
5,96,12
5,97,10
5,98,12
5,99,12
6,8,10
6,7,12
6,9,10
6,10,6
6,11,6
6,12,10
6,13,4
6,14,8
6,15,12
6,16,6
6,17,10
6,18,10
6,19,10
6,20,12
6,21,8
6,22,10
6,23,10
6,24,12
6,25,6
6,26,6
6,27,10
6,28,10
6,29,8
6,30,8
6,31,10
6,32,12
6,33,12
6,34,10
6,35,12
6,36,8
6,37,6
6,38,8
6,39,8
6,40,10
6,41,12
6,42,8
6,43,10
6,44,10
6,45,12
6,46,10
6,48,6
6,47,4
6,49,14
6,50,8
6,51,10
6,52,14
6,53,10
6,54,10
6,55,12
6,56,8
6,57,10
6,58,8
6,59,12
6,60,6
6,61,14
6,63,8
6,62,10
6,64,8
6,65,12
6,66,16
6,67,16
6,68,12
6,69,6
6,70,10
6,71,6
6,72,8
6,73,8
6,74,6
6,75,10
6,76,10
6,77,8
6,78,8
6,79,12
6,80,10
6,81,12
6,82,8
6,83,8
6,84,10
6,85,8
6,86,10
6,87,12
6,88,12
6,89,10
6,90,14
6,91,14
6,92,14
6,93,10
6,94,12
6,95,8
6,96,6
6,97,10
6,98,14
6,99,10
7,8,10
7,9,12
7,10,8
7,11,6
7,12,8
7,13,12
7,14,12
7,15,12
7,16,6
7,17,10
7,18,14
7,19,10
7,20,10
7,21,10
7,22,12
7,23,10
7,24,12
7,25,12
7,26,10
7,27,8
7,28,10
7,29,10
7,30,10
7,31,12
7,32,12
7,33,10
7,34,8
7,35,10
7,36,8
7,37,8
7,38,8
7,39,10
7,40,12
7,41,12
7,42,12
7,43,12
7,44,12
7,45,6
7,46,10
7,47,6
7,48,12
7,49,10
7,50,10
7,51,8
7,52,14
7,54,10
7,53,10
7,55,10
7,56,10
7,57,10
7,58,10
7,59,10
7,60,10
7,61,10
7,62,14
7,63,10
7,64,12
7,65,12
7,66,10
7,67,12
7,68,14
7,69,8
7,70,8
7,71,6
7,72,10
7,73,6
7,74,6
7,75,10
7,76,6
7,77,8
7,78,8
7,79,8
7,80,14
7,81,10
7,82,8
7,83,12
7,84,10
7,85,8
7,86,10
7,87,10
7,88,10
7,89,8
7,90,12
7,91,10
7,92,12
7,93,10
7,95,8
7,94,8
7,96,8
7,97,10
7,98,10
7,99,10
8,9,16
8,10,10
8,11,6
8,12,12
8,13,10
8,14,16
8,15,10
8,16,10
8,17,12
8,18,10
8,19,14
8,20,12
8,21,14
8,22,14
8,23,12
8,24,10
8,25,12
8,26,12
8,28,14
8,27,8
8,29,12
8,30,6
8,31,12
8,32,12
8,33,14
8,34,10
8,35,10
8,36,10
8,37,14
8,38,16
8,39,12
8,40,14
8,41,14
8,42,18
8,43,10
8,44,14
8,45,10
8,46,8
8,47,8
8,48,8
8,49,12
8,50,14
8,51,10
8,52,14
8,53,12
8,54,12
8,55,14
8,56,14
8,57,12
8,58,16
8,59,14
8,60,8
8,61,12
8,62,14
8,63,16
8,64,14
8,65,12
8,66,14
8,67,12
8,68,12
8,69,10
8,70,10
8,71,10
8,72,12
8,73,10
8,74,8
8,75,8
8,76,6
8,77,12
8,78,10
8,79,12
8,80,12
8,81,14
8,82,10
8,83,14
8,84,12
8,85,10
8,86,12
8,87,10
8,88,12
8,89,10
8,90,10
8,91,14
8,92,12
8,93,10
8,94,10
8,95,6
8,96,12
8,97,14
8,98,12
8,99,14
9,10,8
9,11,6
9,12,10
9,13,8
9,14,14
9,15,10
9,16,6
9,17,12
9,18,10
9,19,14
9,20,14
9,21,14
9,22,12
9,23,16
9,24,10
9,25,10
9,26,12
9,27,8
9,28,14
9,29,12
9,30,8
9,31,16
9,32,14
9,33,14
9,34,8
9,35,12
9,36,10
9,37,12
9,38,14
9,39,12
9,40,16
9,41,14
9,42,14
9,43,14
9,44,14
9,45,8
9,46,10
9,47,8
9,48,8
9,49,10
9,50,16
9,51,10
9,52,16
9,53,12
9,54,14
9,55,14
9,56,14
9,57,10
9,58,14
9,59,14
9,60,8
9,61,12
9,62,14
9,64,14
9,63,14
9,65,12
9,66,16
9,67,12
9,68,12
9,69,8
9,70,14
9,71,8
9,72,12
9,73,14
9,74,8
9,75,12
9,76,6
9,77,12
9,78,8
9,79,14
9,80,12
9,81,16
9,82,8
9,83,14
9,84,10
9,85,10
9,86,12
9,87,12
9,88,12
9,89,10
9,90,14
9,91,12
9,92,12
9,93,12
9,94,8
9,95,6
9,96,12
9,97,16
9,98,12
9,99,12
10,11,6
10,12,8
10,13,4
10,14,10
10,15,8
10,16,10
10,17,8
10,18,10
10,19,12
10,20,10
10,21,12
10,22,12
10,23,10
10,25,10
10,24,10
10,26,8
10,27,10
10,28,12
10,29,12
10,30,12
10,31,12
10,32,10
10,33,10
10,34,10
10,35,10
10,36,10
10,37,4
10,38,6
10,39,8
10,40,12
10,41,10
10,42,10
10,43,12
10,44,14
10,45,6
10,46,12
10,47,6
10,48,10
10,49,16
10,50,10
10,51,8
10,52,10
10,53,12
10,54,10
10,55,10
10,56,12
10,57,10
10,58,12
10,59,12
10,60,10
10,61,12
10,62,10
10,63,12
10,64,14
10,65,8
10,66,8
10,67,10
10,68,12
10,69,12
10,70,8
10,71,6
10,72,8
10,73,10
10,74,10
10,75,8
10,76,8
10,77,8
10,78,10
10,79,8
10,80,10
10,81,10
10,82,10
10,83,10
10,84,10
10,85,10
10,86,10
10,87,12
10,88,10
10,89,8
10,90,12
10,91,10
10,92,12
10,93,12
10,94,6
10,95,8
10,96,10
10,97,8
10,98,14
10,99,12
11,12,10
11,13,8
11,14,6
11,15,8
11,16,14
11,17,8
11,18,6
11,19,6
11,20,10
11,21,6
11,22,8
11,23,10
11,24,8
11,25,4
11,26,4
11,27,12
11,28,6
11,29,6
11,30,6
11,31,6
11,32,6
11,33,6
11,34,4
11,35,12
11,36,8
11,37,6
11,38,4
11,39,8
11,40,8
11,41,8
11,42,6
11,43,6
11,44,6
11,45,6
11,46,8
11,47,8
11,48,4
11,49,6
11,50,4
11,51,12
11,52,6
11,53,6
11,55,6
11,54,10
11,56,10
11,57,8
11,58,6
11,59,6
11,60,4
11,61,6
11,62,6
11,63,6
11,64,6
11,65,10
11,66,6
11,67,6
11,68,8
11,69,8
11,70,12
11,72,4
11,71,10
11,73,6
11,74,10
11,75,4
11,76,6
11,77,8
11,79,4
11,78,6
11,80,8
11,81,8
11,82,10
11,83,6
11,84,8
11,85,12
11,86,10
11,87,10
11,88,10
11,89,12
11,90,8
11,91,4
11,92,6
11,93,10
11,94,14
11,95,8
11,96,4
11,97,4
11,98,6
11,99,10
12,13,4
12,14,10
12,15,14
12,16,12
12,17,10
12,19,10
12,18,10
12,20,12
12,21,12
12,22,10
12,23,12
12,24,10
12,25,6
12,26,8
12,27,14
12,28,8
12,29,10
12,30,4
12,31,10
12,32,8
12,33,14
12,34,10
12,35,10
12,36,12
12,37,6
12,38,8
12,39,10
12,41,12
12,42,8
12,43,8
12,44,12
12,46,6
12,45,14
12,47,8
12,48,6
12,50,8
12,49,10
12,51,16
12,52,10
12,53,12
12,54,14
12,55,12
12,56,12
12,57,10
12,58,10
12,59,14
12,60,12
12,40,12
12,61,10
12,62,8
12,63,10
12,65,8
12,64,12
12,66,12
12,67,12
12,68,12
12,69,14
12,70,16
12,71,6
12,72,10
12,73,8
12,74,12
12,75,8
12,76,6
12,77,6
12,78,6
12,79,8
12,80,8
12,81,10
12,82,8
12,83,8
12,84,8
12,85,14
12,86,14
12,87,12
12,88,12
12,89,12
12,90,12
12,91,12
12,92,14
12,93,14
12,94,12
12,95,10
12,96,8
12,98,16
12,97,10
12,99,10
13,14,10
13,15,10
13,16,6
13,17,14
13,18,10
13,19,6
13,20,8
13,22,6
13,21,8
13,23,6
13,25,10
13,24,10
13,26,12
13,27,8
13,28,8
13,29,10
13,30,10
13,31,14
13,32,8
13,33,6
13,34,8
13,35,8
13,36,8
13,37,14
13,38,12
13,39,12
13,40,12
13,41,10
13,42,10
13,43,10
13,44,12
13,45,6
13,46,12
13,47,2
13,48,12
13,49,6
13,50,8
13,51,4
13,52,8
13,53,8
13,54,8
13,55,12
13,56,6
13,57,10
13,58,10
13,59,6
13,60,12
13,61,8
13,62,8
13,63,12
13,64,6
13,65,8
13,66,8
13,67,6
13,68,6
13,69,6
13,70,4
13,71,12
13,72,12
13,73,10
13,74,8
13,75,12
13,76,12
13,77,12
13,78,8
13,79,6
13,80,14
13,81,12
13,82,8
13,83,14
13,84,10
13,85,8
13,86,6
13,87,8
13,88,6
13,89,4
13,90,6
13,91,8
13,92,6
13,93,6
13,94,8
13,95,8
13,96,10
13,97,14
13,98,6
13,99,6
14,15,10
14,16,8
14,17,14
14,18,10
14,19,14
14,20,12
14,21,16
14,22,14
14,23,12
14,24,12
14,25,14
14,26,14
14,27,10
14,28,16
14,29,14
14,30,8
14,31,16
14,32,12
14,33,12
14,34,10
14,35,10
14,36,10
14,37,14
14,38,14
14,39,14
14,40,12
14,41,14
14,42,16
14,43,12
14,44,16
14,45,6
14,46,10
14,47,8
14,48,10
14,49,12
14,50,14
14,51,8
14,52,14
14,53,12
14,54,12
14,55,16
14,56,14
14,57,12
14,58,14
14,59,14
14,60,8
14,61,12
14,62,14
14,63,14
14,64,14
14,65,14
14,66,14
14,67,12
14,68,12
14,69,10
14,70,10
14,71,10
14,72,14
14,74,8
14,73,10
14,75,8
14,76,6
14,77,12
14,78,10
14,79,12
14,80,14
14,81,16
14,82,10
14,83,16
14,84,10
14,86,12
14,85,12
14,87,10
14,88,10
14,89,8
14,90,10
14,91,10
14,92,14
14,93,10
14,94,8
14,95,10
14,96,14
14,97,16
14,98,12
14,99,14
15,16,8
15,17,10
15,18,14
15,19,12
15,20,12
15,21,12
15,22,12
15,23,10
15,24,14
15,25,10
15,26,8
15,27,12
15,28,12
15,29,10
15,30,10
15,31,10
15,32,12
15,33,14
15,34,14
15,35,12
15,36,10
15,37,8
15,38,8
15,39,10
15,40,10
15,41,12
15,42,12
15,43,14
15,44,12
15,45,12
15,46,14
15,47,4
15,49,16
15,48,10
15,50,10
15,51,10
15,52,12
15,53,14
15,54,12
15,55,12
15,56,10
15,57,12
15,58,10
15,59,16
15,60,14
15,61,12
15,62,14
15,63,10
15,64,12
15,65,12
15,66,12
15,67,14
15,68,12
15,69,12
15,70,10
15,71,6
15,72,12
15,73,8
15,74,8
15,75,8
15,76,8
15,77,10
15,78,12
15,79,10
15,80,12
15,81,12
15,82,10
15,83,10
15,84,14
15,85,8
15,86,12
15,87,14
15,88,10
15,89,10
15,90,14
15,91,12
15,92,12
15,93,10
15,94,14
15,95,12
15,96,10
15,97,10
15,98,16
15,99,14
16,17,10
16,18,6
16,19,12
16,20,6
16,21,8
16,22,8
16,23,6
16,24,10
16,25,6
16,26,6
16,27,12
16,28,8
16,29,8
16,30,8
16,31,8
16,32,6
16,33,10
16,34,8
16,35,6
16,36,8
16,37,8
16,38,6
16,39,10
16,40,10
16,41,8
16,42,8
16,43,8
16,44,8
16,45,8
16,46,12
16,47,8
16,48,4
16,49,10
16,50,4
16,51,10
16,52,8
16,53,10
16,54,10
16,55,8
16,56,10
16,57,8
16,58,8
16,59,10
16,60,6
16,61,8
16,62,8
16,63,8
16,64,8
16,65,8
16,66,6
16,67,8
16,68,10
16,69,14
16,70,8
16,71,10
16,72,8
16,73,8
16,74,8
16,75,4
16,76,6
16,77,10
16,78,12
16,79,8
16,80,8
16,81,6
16,82,8
16,83,8
16,84,16
16,85,10
16,86,8
16,87,10
16,88,8
16,89,14
16,90,6
16,91,6
16,92,8
16,93,6
16,94,14
16,95,10
16,96,6
16,97,4
16,98,10
16,99,10
17,18,8
17,19,10
17,20,12
17,21,10
17,22,12
17,23,10
17,24,10
17,25,10
17,26,12
17,27,6
17,28,10
17,29,14
17,30,10
17,31,14
17,32,8
17,33,12
17,34,12
17,35,8
17,36,8
17,37,14
17,38,14
17,39,18
17,40,14
17,41,14
17,42,10
17,43,10
17,44,16
17,45,8
17,46,10
17,47,4
17,48,8
17,49,8
17,50,12
17,51,8
17,52,12
17,53,10
17,54,12
17,55,14
17,56,10
17,57,10
17,58,12
17,59,12
17,60,6
17,61,12
17,62,10
17,63,12
17,64,14
17,65,10
17,66,14
17,67,14
17,68,10
17,69,6
17,70,10
17,71,10
17,72,10
17,73,12
17,74,12
17,75,10
17,76,12
17,77,10
17,78,6
17,79,12
17,80,12
17,81,16
17,82,6
17,83,12
17,84,12
17,85,12
17,86,14
17,87,8
17,88,10
17,89,10
17,90,12
17,91,10
17,92,12
17,93,8
17,94,8
17,95,10
17,96,12
17,97,14
17,98,10
17,99,10
18,19,12
18,20,12
18,21,12
18,22,10
18,23,10
18,24,12
18,25,8
18,26,10
18,27,8
18,28,10
18,29,12
18,30,8
18,31,10
18,32,12
18,33,10
18,34,10
18,35,12
18,36,8
18,37,10
18,38,8
18,39,8
18,40,10
18,41,10
18,42,10
18,43,12
18,44,10
18,45,12
18,46,12
18,47,4
18,48,10
18,49,12
18,50,8
18,54,10
18,51,8
18,52,12
18,53,12
18,56,10
18,55,10
18,57,14
18,59,12
18,58,10
18,60,12
18,61,10
18,62,12
18,63,12
18,64,12
18,65,12
18,66,10
18,67,14
18,68,14
18,69,10
18,70,8
18,71,6
18,72,8
18,73,6
18,74,6
18,75,8
18,76,10
18,77,8
18,78,8
18,79,8
18,80,14
18,81,10
18,82,10
18,83,12
18,84,10
18,85,8
18,86,10
18,87,14
18,88,10
18,89,8
18,90,10
18,91,12
18,92,12
18,93,10
18,94,8
18,95,10
18,96,8
18,97,8
18,98,14
18,99,10
19,20,10
19,21,14
19,22,14
19,23,14
19,24,14
19,25,12
19,26,12
19,27,12
19,28,14
19,29,14
19,30,6
19,31,14
19,32,12
19,33,16
19,34,14
19,35,12
19,36,12
19,37,12
19,38,12
19,39,10
19,40,10
19,41,10
19,42,14
19,43,12
19,44,12
19,45,10
19,46,12
19,47,10
19,48,10
19,49,14
19,50,12
19,51,10
19,52,12
19,53,14
19,54,14
19,55,12
19,56,16
19,57,12
19,58,12
19,59,14
19,60,12
19,61,12
19,62,12
19,63,12
19,64,14
19,65,12
19,66,12
19,67,12
19,68,12
19,69,14
19,70,10
19,71,6
19,72,8
19,73,8
19,74,10
19,75,8
19,76,8
19,77,10
19,78,16
19,79,14
19,80,12
19,81,10
19,82,10
19,83,12
19,84,12
19,85,12
19,86,12
19,87,12
19,88,12
19,89,10
19,90,10
19,91,12
19,92,14
19,93,14
19,94,12
19,95,8
19,96,12
19,97,10
19,98,14
19,99,14
20,22,10
20,21,10
20,23,12
20,24,12
20,25,8
20,26,10
20,27,10
20,28,10
20,29,12
20,30,10
20,31,12
20,32,12
20,33,12
20,34,12
20,35,14
20,36,10
20,37,10
20,38,12
20,39,12
20,40,14
20,41,14
20,42,12
20,43,12
20,44,14
20,45,10
20,46,10
20,47,4
20,48,8
20,49,14
20,50,12
20,51,12
20,52,12
20,53,10
20,54,12
20,56,10
20,55,16
20,57,12
20,58,12
20,59,10
20,60,10
20,61,14
20,62,10
20,64,12
20,63,12
20,65,10
20,66,12
20,67,14
20,68,14
20,69,10
20,70,10
20,71,12
20,72,10
20,73,12
20,74,10
20,75,12
20,76,10
20,77,12
20,78,10
20,79,14
20,80,10
20,81,14
20,82,12
20,83,12
20,84,8
20,85,12
20,86,14
20,87,14
20,88,14
20,89,14
20,90,14
20,91,10
20,92,12
20,93,12
20,94,10
20,95,10
20,96,8
20,97,12
20,98,14
21,22,14
20,99,10
21,23,14
21,24,12
21,25,12
21,26,10
21,28,18
21,27,10
21,29,14
21,30,6
21,31,14
21,32,14
21,33,10
21,34,12
21,35,10
21,36,10
21,37,9
21,38,12
21,39,10
21,40,10
21,41,10
21,42,14
21,43,12
21,44,12
21,45,8
21,46,10
21,47,8
21,48,12
21,49,12
21,50,12
21,51,8
21,52,12
21,54,12
21,53,14
21,55,12
21,56,14
21,57,12
21,58,12
21,59,14
21,60,10
21,61,14
21,62,12
21,63,12
21,64,18
21,65,12
21,66,14
21,67,12
21,68,14
21,69,12
21,70,10
21,71,6
21,72,10
21,73,8
21,74,10
21,75,8
21,76,12
21,77,10
21,78,10
21,79,12
21,80,12
21,81,10
21,82,8
21,83,12
21,84,8
21,85,14
21,86,12
21,87,12
21,88,12
21,89,8
21,90,12
21,91,14
21,92,16
21,93,14
21,94,8
21,95,12
21,96,12
21,97,10
21,98,14
21,99,12
22,23,16
22,24,12
22,25,12
22,26,10
22,27,12
22,28,14
22,29,12
22,30,8
22,31,12
22,32,10
22,33,14
22,34,12
22,35,12
22,36,12
22,37,10
22,38,12
22,39,12
22,40,10
22,41,12
22,42,14
22,43,10
22,44,14
22,45,8
22,46,10
22,47,10
22,48,8
22,49,12
22,50,10
22,51,10
22,52,16
22,53,14
22,54,14
22,55,10
22,56,16
22,57,14
22,58,12
22,59,16
22,60,10
22,61,12
22,62,14
22,63,12
22,64,20
22,65,14
22,66,12
22,67,14
22,68,14
22,69,12
22,70,14
22,71,6
22,72,12
22,73,8
22,74,10
22,75,10
22,76,6
22,77,10
22,78,12
22,79,12
22,80,12
22,81,12
22,82,10
22,83,14
22,84,14
22,85,12
22,86,14
22,87,12
22,88,12
22,89,8
22,90,10
22,91,12
22,92,14
22,93,14
22,94,10
22,95,14
22,96,12
22,97,10
22,98,12
22,99,16
23,24,10
23,25,10
23,26,8
23,27,10
23,28,12
23,29,10
23,30,8
23,31,12
23,32,12
23,33,14
23,34,10
23,35,14
23,36,10
23,37,10
23,38,12
23,39,8
23,40,12
23,41,12
23,42,12
23,43,12
23,44,11
23,45,8
23,46,10
23,47,10
23,48,8
23,49,10
23,50,12
23,51,12
23,52,12
23,53,12
23,55,12
23,54,14
23,56,14
23,57,12
23,58,10
23,59,14
23,60,10
23,61,10
23,62,14
23,63,10
23,64,14
23,65,14
23,66,14
23,67,10
23,68,10
23,69,10
23,71,8
23,70,18
23,72,8
23,73,8
23,74,10
23,75,10
23,76,6
23,77,8
23,78,10
23,79,10
23,80,10
23,81,14
23,82,12
23,83,10
23,84,12
23,85,14
23,86,12
23,87,14
23,88,14
23,89,10
23,90,12
23,91,8
23,92,14
23,93,16
23,94,10
23,95,8
23,96,10
23,97,12
23,98,10
23,99,16
24,25,10
24,26,8
24,27,14
24,28,12
24,29,10
24,30,8
24,32,12
24,31,10
24,33,14
24,34,12
24,35,12
24,36,14
24,37,8
24,38,8
24,39,10
24,40,10
24,41,12
24,42,12
24,43,12
24,44,10
24,46,12
24,45,10
24,47,6
24,48,10
24,49,14
24,50,8
24,51,14
24,52,12
24,53,12
24,54,16
24,55,12
24,56,12
24,57,12
24,58,8
24,59,10
24,60,12
24,61,14
24,62,16
24,63,10
24,64,10
24,65,14
24,66,12
24,68,10
24,67,14
24,69,10
24,70,10
24,71,8
24,72,12
24,73,8
24,74,8
24,75,8
24,76,8
24,77,8
24,78,12
24,79,10
24,80,14
24,81,10
24,82,12
24,83,12
24,84,12
24,85,12
24,86,14
24,87,12
24,88,16
24,89,8
24,90,12
24,91,12
24,92,16
24,93,10
24,94,14
24,95,12
24,96,10
24,98,14
24,97,8
24,99,14
25,26,14
25,28,14
25,27,8
25,29,14
25,30,8
25,31,14
25,32,14
25,33,8
25,34,10
25,35,8
25,36,8
25,37,10
25,38,12
25,39,10
25,40,12
25,41,12
25,42,14
25,43,14
25,44,12
25,46,8
25,45,6
25,47,8
25,48,14
25,49,10
25,50,10
25,51,6
25,52,12
25,53,8
25,54,10
25,55,10
25,56,12
25,57,10
25,58,10
25,59,8
25,60,10
25,61,10
25,62,10
25,63,10
25,64,16
25,65,8
25,66,8
25,67,10
25,68,12
25,69,8
25,70,6
25,71,8
25,72,12
25,73,8
25,74,4
25,75,12
25,76,10
25,77,8
25,78,10
25,79,14
25,80,12
25,81,12
25,82,8
25,83,14
25,84,8
25,85,6
25,86,10
25,87,8
25,88,8
25,89,6
25,90,8
25,91,8
25,92,8
25,93,10
25,94,6
25,95,6
25,96,16
25,97,10
25,98,10
25,99,10
26,27,8
26,28,10
26,29,16
26,30,6
26,31,16
26,32,8
26,33,10
26,34,12
26,35,10
26,36,12
26,37,14
26,38,14
26,39,12
26,40,14
26,41,14
26,42,12
26,43,8
26,44,14
26,45,10
26,46,8
26,47,8
26,48,12
26,49,10
26,50,12
26,51,6
26,52,10
26,53,12
26,54,10
26,55,14
26,56,10
26,58,14
26,57,12
26,59,10
26,60,12
26,61,10
26,62,10
26,63,14
26,64,10
26,65,8
26,66,10
26,67,10
26,68,10
26,69,8
26,70,6
26,71,12
26,72,14
26,73,8
26,74,6
26,75,16
26,76,8
26,77,12
26,78,12
26,79,10
26,80,14
26,81,14
26,82,8
26,83,16
26,84,6
26,85,8
26,86,10
26,87,8
26,88,10
26,90,8
26,89,6
26,91,10
26,92,10
26,93,10
26,94,6
26,95,4
26,96,14
26,97,16
26,98,10
26,99,10
27,28,10
27,29,10
27,30,6
27,31,8
27,32,12
27,33,10
27,34,10
27,35,12
27,37,4
27,36,12
27,38,6
27,39,8
27,40,8
27,42,10
27,41,10
27,43,10
27,44,10
27,45,10
27,46,8
27,47,10
27,48,8
27,49,12
27,50,6
27,51,16
27,52,8
27,53,8
27,54,16
27,55,10
27,56,14
27,57,12
27,58,10
27,59,8
27,60,8
27,61,14
27,62,10
27,63,8
27,64,10
27,65,10
27,66,8
27,67,10
27,68,8
27,69,12
27,70,14
27,71,6
27,72,10
27,73,8
27,74,8
27,75,6
27,76,4
27,77,8
27,78,10
27,79,8
27,80,10
27,81,8
27,82,12
27,83,10
27,84,10
27,85,12
27,86,14
27,87,10
27,88,14
27,89,12
27,90,10
27,91,6
27,92,12
27,93,10
27,94,14
27,95,10
27,96,8
27,97,6
27,98,14
27,99,14
28,29,14
28,30,10
28,31,12
28,32,18
28,33,10
28,34,10
28,35,10
28,36,8
28,38,10
28,37,6
28,39,8
28,40,12
28,41,12
28,42,14
28,43,18
28,44,10
28,45,6
28,46,10
28,47,6
28,48,14
28,49,12
28,50,10
28,51,8
28,52,12
28,53,10
28,54,12
28,55,10
28,56,14
28,57,12
28,58,14
28,59,10
28,60,10
28,61,16
28,62,14
28,63,10
28,64,16
28,66,14
28,67,10
28,65,12
28,68,10
28,69,10
28,70,8
28,71,6
28,72,10
28,73,10
28,74,6
28,75,10
28,76,10
28,77,12
28,78,10
28,79,14
28,80,12
28,81,10
28,82,8
28,83,12
28,84,10
28,85,10
28,86,12
28,87,10
28,88,10
28,89,8
28,90,14
28,91,10
28,92,12
28,93,12
28,94,8
28,95,12
28,96,12
28,97,8
28,98,12
28,99,12
29,30,8
29,31,12
29,32,12
29,33,10
29,34,10
29,35,12
29,36,10
29,37,12
29,38,12
29,39,12
29,40,12
29,41,10
29,42,14
29,43,12
29,44,14
29,45,8
29,46,10
29,47,6
29,48,14
29,49,12
29,50,10
29,51,8
29,52,12
29,53,14
29,54,12
29,55,14
29,56,12
29,57,16
29,58,16
29,59,12
29,60,12
29,61,14
29,62,12
29,63,16
29,64,14
29,65,10
29,66,14
29,67,12
29,68,12
29,69,10
29,70,8
29,72,10
29,71,8
29,73,8
29,74,8
29,75,12
29,76,8
29,77,12
29,78,10
29,79,12
29,80,16
29,81,12
29,82,8
29,83,14
29,84,8
29,85,10
29,86,12
29,87,10
29,88,12
29,89,8
29,91,12
29,92,12
29,93,10
29,94,8
29,95,8
29,96,14
29,97,10
29,98,12
29,99,12
30,31,10
29,90,12
30,33,6
30,34,6
30,32,10
30,35,6
30,37,6
30,36,4
30,38,4
30,39,8
30,40,8
30,41,8
30,42,8
30,43,12
30,44,8
30,45,4
30,46,16
30,47,2
30,48,6
30,49,10
30,50,8
30,51,4
30,52,8
30,53,6
30,54,8
30,55,6
30,56,6
30,57,10
30,58,6
30,59,6
30,60,6
30,61,10
30,62,8
30,63,6
30,64,6
30,65,6
30,66,8
30,67,10
30,68,8
30,69,6
30,70,6
30,71,6
30,72,8
30,73,14
30,75,8
30,74,8
30,76,12
30,77,12
30,78,6
30,79,6
30,80,8
30,81,8
30,83,6
30,82,4
30,84,10
30,86,6
30,85,8
30,87,6
30,88,6
30,89,4
30,91,6
30,90,8
30,92,6
30,94,4
30,95,8
30,93,6
30,96,4
30,97,4
30,99,8
30,98,8
31,32,12
31,34,8
31,35,10
31,33,14
31,36,14
31,37,14
31,38,12
31,39,12
31,40,16
31,41,14
31,44,14
31,42,14
31,43,12
31,45,10
31,46,8
31,47,8
31,48,12
31,49,10
31,50,14
31,51,10
31,52,12
31,53,16
31,54,12
31,55,12
31,56,14
31,57,12
31,58,14
31,59,14
31,60,12
31,61,12
31,62,12
31,63,14
31,64,10
31,65,10
31,66,12
31,67,14
31,68,10
31,69,8
31,70,10
31,71,10
31,72,12
31,73,10
31,74,8
31,75,14
31,78,8
31,76,10
31,77,10
31,80,14
31,79,10
31,81,16
31,82,12
31,83,18
31,84,8
31,85,10
31,87,10
31,86,12
31,88,12
31,89,10
31,90,14
31,91,12
31,92,12
31,93,12
31,94,8
31,95,6
31,96,13
31,97,14
31,98,12
31,99,10
32,33,10
32,34,10
32,35,10
32,36,8
32,37,8
32,38,10
32,39,8
32,40,12
32,41,10
32,42,14
32,43,18
32,44,10
32,45,6
32,46,12
32,47,6
32,48,14
32,49,12
32,50,10
32,51,8
32,52,14
32,53,10
32,54,10
32,55,10
32,56,12
32,57,12
32,58,10
32,59,10
32,60,10
32,61,16
32,62,14
32,63,10
32,64,14
32,65,10
32,66,14
32,67,12
32,68,12
32,69,10
32,70,10
32,71,6
32,72,10
32,73,8
32,74,6
32,75,10
32,76,10
32,77,12
32,78,10
32,79,12
32,80,10
32,81,10
32,82,8
32,84,10
32,83,10
32,85,8
32,86,10
32,87,10
32,88,10
32,89,8
32,90,14
32,91,12
32,92,10
32,93,12
32,94,8
32,95,8
32,96,12
32,97,8
32,98,12
32,99,12
33,34,14
33,35,12
33,36,14
33,37,10
33,38,12
33,39,12
33,40,12
33,41,12
33,42,10
33,43,10
33,44,14
33,45,12
33,46,8
33,47,6
33,48,8
33,49,12
33,50,12
33,51,10
33,52,14
33,53,14
33,54,14
33,55,12
33,56,18
33,57,14
33,58,12
33,59,18
33,60,10
33,61,12
33,62,12
33,63,12
33,64,12
33,65,14
33,66,14
33,67,14
33,68,12
33,69,12
33,70,14
33,71,8
33,72,10
33,73,8
33,74,12
33,75,10
33,76,6
33,77,8
33,78,12
33,79,14
33,80,10
33,81,14
33,82,16
33,83,10
33,84,14
33,85,12
33,86,14
33,87,14
33,88,12
33,89,12
33,90,18
33,91,14
33,92,16
33,93,16
33,94,12
33,95,8
33,96,12
33,97,12
33,98,14
33,99,14
34,35,10
34,36,14
34,37,6
34,38,12
34,39,12
34,40,8
34,41,10
34,42,12
34,43,10
34,44,10
34,45,12
34,46,10
34,47,6
34,48,10
34,49,14
34,50,6
34,51,8
34,52,12
34,53,14
34,54,12
34,55,12
34,56,10
34,57,12
34,58,10
34,59,14
34,60,16
34,61,12
34,62,10
34,63,8
34,64,12
34,65,8
34,66,12
34,67,14
34,68,10
34,69,12
34,70,10
34,71,8
34,72,14
34,73,8
34,74,10
34,75,10
34,76,12
34,77,8
34,78,14
34,79,14
34,80,10
34,81,10
34,82,8
34,83,10
34,84,14
34,85,10
34,86,14
34,87,12
34,89,10
34,88,10
34,90,10
34,91,10
34,92,12
34,93,10
34,94,10
34,95,10
34,96,12
34,97,14
34,98,16
34,99,10
35,36,12
35,37,8
35,38,8
35,39,10
35,40,12
35,41,14
35,42,10
35,43,10
35,44,12
35,45,12
35,46,8
35,47,6
35,48,8
35,49,12
35,50,10
35,51,14
35,52,10
35,53,10
35,54,14
35,55,14
35,56,12
35,57,10
35,58,10
35,59,10
35,60,10
35,61,12
35,62,10
35,63,10
35,64,10
35,65,10
35,66,12
35,68,10
35,69,10
35,70,12
35,71,10
35,72,10
35,73,8
35,67,12
35,74,8
35,75,10
35,76,6
35,78,8
35,77,8
35,79,8
35,81,12
35,80,10
35,83,10
35,84,8
35,82,12
35,86,16
35,87,14
35,85,14
35,89,12
35,90,14
35,91,10
35,92,12
35,93,14
35,94,12
35,95,8
35,88,18
35,96,8
35,97,10
35,98,12
35,99,12
36,37,10
36,38,12
36,39,10
36,40,10
36,41,10
36,42,10
36,43,8
36,44,12
36,46,6
36,45,12
36,47,10
36,48,8
36,50,8
36,49,12
36,51,14
36,52,10
36,54,16
36,53,12
36,55,12
36,56,18
36,57,14
36,59,12
36,60,10
36,61,12
36,62,10
36,63,10
36,65,10
36,64,10
36,66,10
36,68,10
36,67,12
36,69,8
36,71,10
36,70,11
36,72,12
36,74,10
36,73,10
36,75,12
36,77,8
36,76,8
36,78,12
36,58,10
36,79,10
36,80,10
36,81,8
36,82,20
36,83,12
36,84,8
36,85,14
36,86,14
36,87,10
36,88,16
36,89,8
36,90,12
36,91,10
36,92,14
36,93,10
36,94,10
36,95,6
36,96,12
36,97,12
37,38,16
36,99,14
36,98,12
37,40,10
37,39,16
37,41,10
37,42,8
37,43,8
37,44,12
37,45,12
37,47,4
37,49,6
37,46,8
37,50,14
37,48,8
37,51,6
37,52,12
37,53,8
37,54,10
37,55,12
37,56,10
37,58,10
37,57,6
37,59,10
37,60,10
37,62,10
37,61,8
37,63,10
37,64,10
37,65,10
37,66,10
37,67,10
37,68,8
37,69,4
37,70,8
37,71,16
37,72,12
37,73,12
37,74,8
37,75,12
37,76,10
37,77,10
37,78,6
37,79,10
37,80,10
37,82,8
37,81,14
37,83,14
37,84,10
37,85,10
37,86,8
37,87,10
37,88,8
37,89,6
37,90,8
37,91,8
37,92,8
37,93,6
37,94,8
37,95,6
37,96,14
37,97,16
37,98,8
37,99,10
38,39,14
38,40,10
38,41,8
38,42,14
38,43,10
38,44,10
38,45,10
38,46,6
38,47,10
38,48,8
38,49,8
38,50,12
38,51,8
38,52,12
38,53,10
38,54,10
38,55,14
38,56,12
38,57,8
38,59,12
38,58,14
38,60,10
38,61,10
38,62,10
38,63,14
38,64,12
38,65,10
38,66,12
38,67,12
38,68,10
38,69,6
38,70,10
38,71,12
38,72,12
38,73,8
38,74,8
38,75,12
38,76,10
38,77,8
38,78,10
38,79,14
38,81,16
38,80,10
38,82,10
38,83,14
38,84,8
38,85,8
38,86,12
38,87,8
38,88,10
38,89,10
38,90,10
38,91,8
38,92,10
38,93,8
38,94,6
38,95,4
38,96,16
38,98,10
38,99,10
39,40,14
39,41,12
39,43,8
39,44,14
39,42,12
39,45,8
38,97,16
39,46,10
39,47,4
39,48,8
39,49,12
39,50,12
39,51,8
39,52,12
39,53,10
39,54,12
39,55,16
39,56,10
39,57,10
39,58,12
39,59,12
39,60,6
39,61,12
39,62,12
39,63,14
39,64,12
39,65,10
39,66,12
39,67,14
39,68,10
39,69,6
39,70,8
39,71,12
39,72,12
39,73,14
39,74,12
39,75,6
39,76,10
39,77,14
39,78,8
39,79,10
39,80,12
39,81,14
39,82,6
39,83,12
39,84,12
39,85,12
39,86,14
39,87,8
39,88,10
39,89,10
39,90,10
39,91,10
39,92,12
39,93,8
39,94,8
39,95,10
39,96,12
39,97,14
39,98,10
39,99,12
40,41,18
40,42,10
40,43,12
40,44,16
40,45,8
40,46,8
40,47,6
40,48,10
40,50,14
40,49,10
40,51,10
40,52,12
40,53,12
40,54,10
40,55,12
40,56,12
40,57,10
40,58,10
40,59,12
40,60,8
40,61,10
40,62,12
40,63,12
40,64,12
40,65,10
40,66,12
40,67,12
40,68,14
40,69,12
40,71,14
40,70,10
40,72,12
40,74,10
40,73,10
40,75,12
40,77,8
40,78,10
40,76,8
40,80,14
40,79,8
40,82,12
40,83,12
40,81,16
40,84,10
40,85,12
40,87,14
40,88,12
40,86,10
40,90,14
40,89,12
40,91,10
40,93,12
40,94,8
40,92,12
40,96,10
40,97,12
40,95,6
40,99,10
40,98,10
41,43,12
41,42,10
41,44,16
41,45,10
41,47,4
41,48,10
41,46,8
41,49,12
41,50,14
41,51,10
41,53,10
41,54,12
41,52,12
41,55,12
41,56,10
41,57,10
41,58,10
41,59,12
41,60,8
41,61,12
41,62,14
41,64,12
41,63,10
41,65,14
41,67,12
41,68,10
41,66,14
41,69,10
41,71,12
41,70,12
41,72,16
41,73,10
41,74,6
41,75,12
41,76,6
41,77,10
41,78,8
41,80,12
41,79,8
41,81,16
41,83,10
41,82,10
41,84,12
41,85,8
41,86,12
41,87,12
41,88,10
41,89,10
41,90,16
41,91,10
41,92,12
41,94,12
41,93,12
41,95,8
41,96,10
41,98,10
41,99,12
42,43,14
42,44,10
42,45,6
42,46,10
42,47,8
42,48,12
42,49,12
42,50,11
42,51,8
42,52,14
41,97,12
42,53,12
42,54,12
42,57,14
42,56,14
42,58,16
42,59,10
42,55,16
42,61,12
42,60,10
42,62,12
42,63,16
42,64,16
42,66,12
42,65,10
42,67,12
42,68,14
42,69,10
42,70,8
42,71,10
42,72,12
42,74,6
42,75,10
42,76,8
42,73,10
42,77,12
42,78,10
42,80,12
42,79,12
42,81,14
42,82,8
42,84,10
42,83,18
42,85,8
42,86,12
42,88,10
42,87,10
42,89,8
42,90,10
42,91,12
42,92,10
42,93,12
42,94,8
42,95,8
42,97,12
42,96,12
42,98,12
42,99,12
43,45,8
43,44,14
43,46,12
43,47,6
43,49,14
43,48,16
43,50,10
43,51,8
43,53,10
43,52,12
43,54,10
43,56,12
43,55,10
43,57,12
43,58,14
43,59,10
43,60,10
43,61,14
43,62,14
43,63,12
43,64,12
43,66,12
43,67,12
43,68,12
43,65,10
43,69,10
43,70,8
43,71,6
43,72,10
43,73,8
43,74,6
43,75,12
43,77,12
43,76,10
43,78,10
43,80,10
43,79,12
43,82,10
43,83,10
43,84,10
43,81,12
43,86,10
43,85,8
43,87,10
43,88,10
43,89,8
43,90,14
43,91,12
43,93,14
43,92,10
43,94,8
43,95,8
43,97,10
43,96,10
43,99,14
43,98,10
44,45,10
44,46,8
44,47,6
44,49,16
44,48,12
44,50,16
44,51,12
44,53,12
44,52,14
44,54,14
44,55,16
44,56,12
44,57,10
44,58,14
44,59,14
44,60,8
44,61,14
44,62,10
44,63,14
44,64,12
44,66,14
44,65,10
44,67,14
44,68,12
44,69,8
44,70,12
44,71,12
44,72,14
44,73,10
44,74,10
44,75,14
44,76,8
44,77,10
44,78,10
44,79,10
44,80,14
44,81,20
44,82,8
44,83,12
44,84,10
44,85,12
44,86,14
44,87,10
44,88,14
44,89,10
44,90,14
44,91,12
44,92,14
44,93,12
44,94,10
44,95,8
44,96,14
44,97,16
44,98,14
44,99,12
45,46,8
45,47,8
45,48,6
45,49,12
45,50,12
45,51,10
45,52,12
45,53,12
45,54,10
45,55,10
45,56,8
45,57,8
45,58,8
45,59,14
45,60,14
45,61,10
45,62,10
45,63,8
45,64,10
45,65,10
45,66,10
45,67,12
45,68,10
45,69,10
45,70,12
45,71,6
45,72,10
45,73,8
45,74,6
45,75,10
45,76,8
45,77,4
45,78,8
45,79,8
45,80,8
45,81,10
45,82,12
45,83,8
45,84,8
45,85,6
45,86,8
45,87,14
45,88,8
45,89,12
45,90,10
45,91,12
45,92,10
45,93,8
45,94,14
45,95,8
45,96,10
45,97,12
45,98,10
45,99,8
46,47,2
46,48,8
46,49,16
46,50,6
46,51,6
46,52,10
46,53,10
46,54,12
46,55,8
46,56,8
46,57,12
46,58,10
46,59,10
46,60,10
46,61,10
46,64,12
46,62,12
46,63,8
46,65,8
46,66,8
46,67,10
46,69,10
46,68,10
46,70,8
46,71,8
46,72,8
46,73,10
46,74,8
46,75,6
46,76,10
46,77,14
46,78,10
46,79,12
46,80,10
46,81,8
46,82,6
46,83,10
46,84,14
46,85,10
46,86,10
46,87,10
46,88,8
46,89,8
46,90,8
46,91,8
46,92,10
46,93,8
46,94,8
46,95,14
46,96,8
46,97,6
46,98,14
46,99,10
47,48,6
47,49,4
47,50,6
47,51,12
47,52,8
47,53,6
47,54,10
47,55,6
47,57,4
47,56,12
47,58,8
47,59,6
47,61,6
47,60,4
47,63,6
47,64,10
47,62,4
47,66,6
47,67,6
47,65,6
47,69,4
47,68,8
47,71,4
47,72,6
47,70,10
47,73,4
47,75,10
47,76,4
47,74,4
47,77,2
47,78,8
47,80,6
47,81,6
47,82,6
47,83,8
47,79,8
47,84,4
47,86,8
47,87,4
47,88,10
47,89,10
47,90,6
47,85,6
47,91,4
47,93,6
47,92,6
47,94,8
47,96,8
47,95,2
47,98,6
47,97,8
47,99,8
48,50,10
48,51,6
48,52,8
48,53,10
48,54,8
48,49,10
48,56,8
48,57,10
48,55,12
48,58,12
48,59,8
48,60,12
48,61,10
48,62,10
48,63,12
48,64,10
48,65,8
48,66,12
48,67,8
48,68,8
48,69,8
48,70,6
48,71,8
48,72,12
48,73,4
48,74,4
48,75,10
48,76,10
48,78,10
48,79,8
48,80,10
48,77,10
48,82,8
48,81,12
48,83,12
48,84,8
48,86,8
48,85,6
48,88,8
48,89,6
48,91,10
48,90,10
48,92,8
48,93,12
48,87,8
48,94,6
48,96,14
48,95,6
48,97,12
48,99,12
48,98,8
49,50,10
49,52,14
49,53,14
49,54,14
49,55,12
49,56,12
49,57,14
49,58,14
49,59,14
49,60,14
49,51,10
49,61,16
49,63,14
49,64,14
49,65,10
49,66,10
49,67,16
49,68,14
49,69,14
49,70,8
49,71,8
49,72,12
49,62,12
49,73,10
49,75,10
49,74,8
49,76,8
49,77,12
49,79,14
49,80,12
49,81,12
49,82,12
49,78,12
49,83,12
49,84,12
49,87,14
49,86,14
49,88,12
49,89,10
49,90,12
49,91,14
49,92,12
49,93,12
49,85,10
49,95,10
49,96,12
49,97,10
49,98,18
49,99,14
49,94,12
50,51,8
50,52,12
50,55,12
50,54,10
50,56,12
50,57,8
50,58,14
50,59,12
50,53,10
50,60,6
50,62,12
50,61,8
50,63,14
50,64,12
50,66,14
50,67,12
50,68,10
50,69,6
50,65,10
50,70,10
50,71,6
50,73,14
50,74,8
50,75,12
50,72,10
50,77,8
50,78,6
50,76,4
50,79,10
50,80,10
50,81,16
50,82,8
50,83,12
50,84,8
50,85,8
50,86,10
50,87,10
50,88,10
50,89,8
50,90,12
50,91,10
50,92,10
50,93,12
50,94,8
50,95,4
50,96,12
50,97,16
50,98,10
51,52,10
51,53,10
51,54,14
51,55,12
51,56,12
50,99,12
51,58,8
51,57,10
51,59,10
51,60,6
51,61,10
51,62,10
51,63,10
51,64,8
51,65,10
51,66,12
51,67,10
51,68,10
51,69,10
51,70,14
51,71,8
51,72,8
51,73,6
51,74,10
51,75,8
51,76,4
51,77,6
51,79,6
51,80,8
51,78,10
51,81,10
51,83,8
51,84,6
51,86,14
51,85,12
51,82,14
51,87,12
51,89,14
51,90,12
51,91,8
51,92,12
51,93,12
51,88,18
51,95,8
51,96,6
51,94,12
51,98,10
51,99,12
52,53,12
51,97,8
52,54,12
52,55,12
52,56,12
52,57,14
52,58,12
52,59,14
52,60,10
52,61,14
52,62,18
52,64,16
52,65,14
52,63,12
52,66,16
52,67,18
52,69,8
52,68,16
52,71,6
52,70,12
52,73,10
52,74,8
52,75,14
52,76,6
52,77,10
52,72,10
52,79,14
52,80,14
52,78,10
52,82,10
52,83,14
52,81,12
52,84,10
52,87,10
52,86,12
52,88,12
52,89,10
52,90,12
52,85,10
52,92,14
52,91,14
52,94,10
52,95,10
52,96,12
52,97,12
52,98,12
52,93,10
53,54,12
53,55,12
52,99,14
53,57,16
53,58,14
53,56,14
53,60,12
53,61,12
53,62,14
53,59,20
53,63,14
53,65,10
53,64,14
53,66,12
53,67,12
53,68,14
53,69,12
53,70,11
53,71,6
53,72,8
53,73,8
53,74,10
53,75,12
53,76,8
53,77,12
53,78,10
53,79,12
53,80,14
53,81,10
53,82,10
53,83,14
53,84,10
53,85,12
53,86,12
53,87,14
53,88,12
53,90,12
53,91,12
53,92,16
53,93,12
53,94,10
53,89,12
53,95,10
53,97,10
53,96,10
53,99,12
53,98,16
54,56,16
54,55,14
54,57,14
54,60,10
54,59,14
54,58,12
54,61,14
54,63,12
54,64,12
54,65,12
54,66,12
54,67,14
54,62,12
54,68,12
54,70,12
54,69,10
54,71,8
54,72,12
54,73,12
54,75,8
54,74,12
54,76,6
54,79,10
54,77,10
54,80,12
54,81,10
54,78,12
54,83,12
54,84,8
54,82,14
54,85,14
54,87,10
54,88,18
54,89,10
54,86,16
54,91,12
54,90,12
54,92,14
54,94,12
54,95,10
54,96,10
54,97,12
54,98,14
54,99,16
54,93,12
55,56,12
55,58,16
55,57,12
55,59,12
55,60,8
55,61,12
55,63,16
55,64,12
55,65,10
55,66,14
55,67,14
55,68,12
55,69,10
55,62,10
55,72,12
55,71,12
55,70,10
55,74,10
55,73,12
55,75,10
55,77,12
55,76,6
55,78,10
55,79,10
55,80,12
55,81,16
55,83,16
55,84,8
55,85,12
55,82,10
55,86,14
55,88,14
55,89,10
55,90,14
55,91,12
55,92,14
55,87,16
55,94,10
55,95,8
55,96,12
55,97,14
55,93,12
55,99,10
55,98,14
56,57,16
56,58,12
56,60,8
56,61,12
56,62,14
56,63,12
56,59,14
56,64,14
56,65,14
56,66,12
56,67,12
56,68,12
56,69,8
56,70,10
56,72,8
56,71,6
56,74,10
56,75,8
56,73,8
56,76,8
56,78,12
56,77,10
56,80,12
56,79,12
56,82,16
56,83,12
56,84,10
56,81,10
56,86,14
56,87,10
56,88,16
56,89,12
56,85,12
56,91,12
56,92,12
56,90,12
56,93,14
56,95,6
56,96,12
56,94,10
56,97,10
56,98,12
57,58,12
56,99,18
57,60,16
57,61,14
57,62,12
57,63,14
57,64,14
57,65,10
57,66,12
57,59,14
57,67,14
57,68,14
57,69,12
57,71,6
57,70,10
57,73,8
57,74,8
57,72,10
57,75,12
57,76,8
57,77,14
57,78,10
57,79,12
57,80,14
57,81,10
57,82,12
57,83,14
57,84,10
57,85,8
57,86,14
57,87,10
57,88,10
57,89,8
57,90,12
57,91,14
57,92,10
57,93,12
57,94,8
57,95,8
57,96,10
57,97,8
57,98,16
57,99,14
58,59,12
58,61,12
58,60,10
58,63,20
58,64,12
58,65,10
58,66,12
58,67,12
58,62,12
58,69,10
58,70,8
58,68,12
58,72,10
58,74,8
58,73,8
58,75,10
58,71,10
58,76,8
58,78,10
58,77,14
58,80,12
58,81,16
58,82,8
58,83,16
58,84,8
58,79,10
58,86,12
58,87,10
58,85,10
58,89,8
58,90,10
58,92,12
58,88,12
58,91,10
58,94,8
58,93,14
58,95,6
58,97,14
58,98,12
58,96,14
59,60,12
59,61,12
59,62,12
59,63,12
59,64,16
58,99,14
59,66,14
59,67,14
59,68,14
59,69,12
59,65,12
59,71,6
59,70,12
59,72,10
59,74,10
59,75,10
59,73,8
59,76,8
59,77,8
59,78,10
59,79,14
59,80,12
59,81,14
59,82,10
59,84,12
59,83,12
59,86,14
59,85,12
59,88,12
59,89,12
59,90,12
59,91,14
59,92,14
59,93,12
59,94,12
59,95,10
59,87,14
59,97,12
59,98,16
59,96,12
59,99,12
60,61,12
60,62,10
60,64,10
60,63,10
60,65,8
60,66,8
60,67,10
60,68,12
60,69,12
60,70,6
60,71,8
60,72,12
60,73,6
60,75,12
60,76,12
60,77,10
60,78,12
60,79,10
60,74,7
60,81,8
60,82,12
60,83,12
60,84,10
60,85,8
60,86,8
60,87,10
60,80,14
60,88,8
60,90,8
60,89,8
60,92,8
60,93,12
60,94,8
60,95,8
60,96,10
60,91,10
60,97,10
60,99,10
60,98,12
61,62,14
61,64,14
61,65,10
61,66,14
61,67,16
61,68,12
61,63,12
61,70,8
61,71,8
61,69,12
61,73,12
61,74,10
61,75,10
61,77,12
61,76,8
61,78,10
61,79,12
61,80,12
61,81,10
61,82,10
61,83,12
61,84,10
61,85,10
61,86,14
61,87,10
61,88,12
61,89,8
61,90,16
61,91,18
61,92,14
61,93,10
61,94,10
61,95,10
61,96,12
61,97,8
61,98,16
61,72,12
62,63,12
62,64,14
61,99,12
62,66,16
62,67,16
62,68,14
62,69,10
62,70,10
62,65,14
62,72,12
62,73,10
62,71,6
62,75,10
62,76,6
62,77,12
62,78,10
62,79,14
62,74,6
62,81,12
62,80,14
62,83,12
62,84,12
62,85,8
62,82,10
62,87,12
62,88,12
62,89,8
62,90,12
62,86,12
62,92,12
62,93,10
62,91,12
62,94,12
62,96,12
62,97,12
62,95,10
62,99,16
63,64,12
63,65,10
63,66,12
63,67,12
63,68,12
63,69,8
62,98,12
63,71,10
63,72,10
63,73,12
63,74,8
63,70,10
63,75,12
63,77,12
63,76,6
63,79,10
63,80,14
63,81,16
63,82,8
63,83,18
63,78,8
63,85,10
63,86,12
63,84,8
63,87,10
63,89,10
63,90,10
63,91,12
63,92,12
63,93,12
63,88,12
63,95,6
63,94,8
63,97,14
63,98,12
64,65,12
63,96,14
64,66,16
64,67,14
63,99,14
64,69,12
64,70,10
64,68,16
64,72,10
64,71,6
64,73,8
64,74,10
64,76,10
64,77,10
64,75,10
64,78,10
64,79,12
64,81,12
64,82,8
64,83,12
64,84,10
64,85,10
64,86,12
64,87,12
64,80,12
64,88,12
64,89,8
64,91,14
64,92,12
64,93,12
64,94,10
64,95,12
64,97,12
64,96,14
64,98,14
64,99,14
64,90,12
65,67,14
65,66,12
65,69,8
65,70,12
65,72,10
65,71,6
65,73,6
65,74,8
65,68,12
65,75,8
65,76,6
65,78,10
65,79,10
65,80,12
65,81,12
65,83,10
65,77,8
65,82,12
65,85,12
65,84,12
65,86,10
65,87,12
65,89,8
65,90,10
65,91,10
65,88,14
65,93,12
65,94,14
65,95,11
65,92,16
65,97,10
65,98,10
65,99,14
65,96,10
66,67,14
66,68,12
66,69,8
66,70,12
66,71,6
66,72,10
66,73,10
66,75,12
66,74,8
66,76,8
66,77,10
66,78,8
66,79,14
66,80,10
66,81,14
66,82,8
66,83,12
66,84,10
66,85,10
66,86,12
66,87,12
66,88,14
66,89,10
66,90,16
66,91,16
66,92,12
66,93,12
66,94,10
66,95,8
66,96,14
66,98,12
66,97,12
66,99,12
67,68,16
67,70,10
67,71,6
67,72,10
67,73,10
67,69,8
67,75,8
67,76,12
67,77,12
67,74,10
67,79,14
67,78,10
67,80,14
67,82,8
67,83,12
67,84,10
67,85,10
67,81,12
67,87,10
67,88,12
67,89,12
67,90,12
67,91,14
67,92,16
67,93,10
67,94,10
67,86,16
67,96,12
67,97,12
67,98,14
67,99,14
68,69,10
68,70,8
67,95,10
68,71,8
68,73,6
68,72,8
68,75,10
68,76,8
68,77,10
68,78,12
68,74,10
68,80,14
68,81,10
68,82,10
68,83,12
68,79,11
68,85,12
68,86,12
68,88,14
68,84,8
68,89,12
68,90,10
68,87,12
68,91,14
68,93,12
68,92,14
68,94,8
68,95,10
68,97,10
68,96,10
68,99,12
68,98,14
69,70,10
69,72,10
69,71,8
69,74,10
69,75,6
69,76,4
69,77,8
69,73,6
69,78,12
69,80,10
69,79,10
69,81,8
69,83,10
69,84,14
69,85,10
69,82,12
69,86,10
69,87,14
69,88,10
69,90,10
69,91,6
69,92,12
69,89,12
69,93,10
69,95,10
69,94,10
69,97,6
69,98,14
69,99,10
70,71,6
69,96,8
70,72,8
70,73,6
70,74,8
70,75,8
70,76,4
70,77,6
70,78,8
70,79,8
70,80,8
70,82,10
70,83,8
70,84,10
70,85,12
70,81,12
70,86,10
70,88,12
70,87,12
70,90,10
70,91,8
70,92,12
70,93,14
70,94,14
70,95,8
70,89,12
70,97,10
70,98,8
70,96,8
71,72,12
71,73,10
71,74,8
71,75,12
70,99,12
71,77,10
71,78,10
71,79,6
71,80,8
71,81,12
71,82,10
71,83,10
71,76,10
71,85,10
71,86,8
71,84,10
71,87,10
71,89,8
71,90,10
71,91,4
71,88,8
71,92,8
71,93,8
71,95,6
71,96,10
71,97,12
71,94,6
71,98,8
72,73,8
71,99,8
72,74,6
72,76,8
72,77,10
72,78,12
72,75,12
72,80,12
72,81,14
72,82,10
72,83,14
72,79,10
72,84,12
72,86,12
72,85,6
72,87,8
72,88,10
72,89,6
72,90,10
72,91,8
72,92,10
72,93,8
72,94,8
72,95,8
72,96,14
72,97,16
72,98,10
72,99,12
73,74,12
73,75,8
73,76,8
73,77,12
73,78,6
73,79,10
73,80,8
73,81,8
73,82,8
73,83,10
73,84,8
73,85,12
73,87,8
73,86,10
73,88,10
73,89,6
73,90,10
73,91,8
73,92,10
73,93,6
73,94,6
73,95,8
73,96,6
73,97,8
73,98,10
73,99,8
74,75,6
74,76,8
74,77,8
74,78,8
74,79,8
74,80,8
74,81,8
74,82,12
74,83,8
74,84,10
74,85,14
74,86,14
74,87,10
74,88,10
74,89,10
74,90,10
74,91,6
74,92,12
74,93,10
74,94,4
74,95,10
74,96,6
74,97,6
74,98,12
74,99,8
75,76,12
75,77,12
75,79,10
75,80,10
75,81,14
75,78,10
75,83,12
75,84,6
75,82,12
75,86,8
75,87,10
75,88,10
75,89,8
75,85,8
75,90,12
75,92,10
75,93,12
75,91,10
75,94,6
75,96,10
75,97,12
75,98,8
75,99,8
76,77,10
76,78,8
75,95,4
76,79,8
76,83,10
76,81,6
76,80,6
76,84,8
76,82,8
76,85,8
76,86,8
76,88,6
76,89,6
76,90,8
76,91,10
76,92,6
76,93,8
76,87,8
76,95,8
76,96,8
76,94,4
76,98,8
76,99,6
77,78,10
77,79,10
76,97,8
77,80,12
77,82,6
77,83,12
77,81,10
77,85,10
77,86,10
77,84,12
77,89,6
77,88,8
77,87,10
77,90,10
77,91,10
77,92,8
77,93,10
77,94,6
77,96,8
77,97,8
77,98,10
77,99,10
78,79,12
78,80,10
78,81,8
78,82,12
78,83,10
78,84,12
78,85,10
78,86,10
78,87,14
78,88,10
78,89,10
78,90,8
78,91,8
78,92,12
78,93,10
78,94,10
78,95,6
78,96,12
78,97,10
78,98,14
77,95,10
79,80,10
79,81,10
78,99,12
79,82,8
79,83,10
79,84,10
79,85,8
79,86,12
79,87,10
79,89,10
79,88,10
79,90,10
79,92,12
79,93,8
79,91,12
79,95,6
79,94,8
79,96,12
79,98,12
79,99,12
80,82,10
80,81,12
80,84,10
80,83,16
80,85,8
79,97,12
80,86,12
80,87,10
80,89,8
80,88,10
80,90,10
80,93,10
80,92,14
80,91,10
80,95,10
80,94,10
80,97,10
80,98,12
80,99,12
80,96,12
81,83,14
81,84,10
81,85,10
81,82,10
81,87,12
81,88,12
81,86,10
81,89,10
81,91,10
81,90,12
81,93,14
81,94,10
81,95,8
81,92,12
81,97,18
81,98,10
81,99,14
82,83,10
82,84,8
82,85,10
81,96,14
82,87,14
82,88,10
82,89,10
82,90,12
82,91,10
82,92,10
82,94,12
82,86,8
82,95,4
82,96,10
82,93,14
82,97,10
82,99,10
83,84,8
83,85,10
83,86,12
83,87,10
83,88,12
83,89,8
83,90,10
83,91,12
83,92,12
83,93,12
83,94,8
83,95,8
83,96,14
83,97,14
82,98,12
83,99,12
84,85,12
84,87,12
83,98,12
84,88,8
84,89,8
84,86,8
84,92,10
84,91,8
84,93,10
84,94,12
84,95,12
84,96,8
84,97,8
84,98,10
84,99,14
85,86,14
85,87,14
84,90,8
85,89,10
85,90,12
85,88,14
85,91,10
85,92,16
85,93,16
85,95,12
85,96,8
85,97,8
85,98,12
85,99,10
86,87,10
86,88,18
85,94,8
86,89,12
86,90,12
86,92,14
86,93,12
86,91,12
86,94,10
86,96,10
86,97,12
86,98,14
86,99,14
86,95,10
87,88,14
87,90,12
87,91,8
87,92,18
87,93,14
87,94,14
87,95,10
87,96,8
87,97,10
87,98,16
87,99,10
88,89,14
88,90,14
88,91,10
88,92,14
88,94,10
87,89,14
88,95,8
88,93,14
88,97,10
88,98,14
88,99,14
88,96,10
89,90,10
89,92,10
89,91,8
89,94,12
89,95,6
89,96,6
89,97,8
89,98,10
89,99,10
90,91,16
89,93,10
90,93,12
90,94,12
90,95,8
90,96,10
90,97,10
90,98,12
90,92,14
91,93,10
91,92,12
91,94,8
90,99,10
91,96,12
91,97,10
91,98,12
91,95,6
91,99,12
92,94,16
92,95,12
92,96,10
92,93,12
92,97,10
92,98,14
92,99,10
93,94,10
93,95,8
93,96,10
93,97,12
93,98,10
93,99,14
94,95,10
94,96,8
94,99,12
94,97,8
94,98,10
95,97,6
95,98,12
95,99,8
95,96,6
96,97,18
96,99,14
96,98,10
97,99,12
97,98,10
98,99,12
